csr_variant,generation,total_questions,pair_count,pair_construction_rate,no_pair_count,mean_quality_gap,best_accuracy,worst_accuracy,best_silent_rate,worst_silent_rate
k3,0,30,13,0.4333333333333333,17,5.230769230769231,1.0,0.0,0.0,0.6153846153846154
k3,1,30,16,0.5333333333333333,14,5.3125,1.0,0.0,0.0,0.5625
k3,2,30,17,0.5666666666666667,13,5.647058823529412,1.0,0.0588235294117647,0.0,0.3529411764705882
k5,0,30,16,0.5333333333333333,14,6.0,1.0,0.0,0.0,0.5625
k5,1,30,20,0.6666666666666666,10,6.35,1.0,0.0,0.0,0.75
k5,2,30,17,0.5666666666666667,13,5.0588235294117645,1.0,0.0588235294117647,0.0,0.4705882352941176
