seed,generation,metric,delta_dbr_minus_pure
221,2,accuracy_mean,0.06999999999999995
221,2,pedagogical_score_mean,0.5300000000000002
221,2,silent_error_rate,-0.010000000000000009
222,2,accuracy_mean,0.010000000000000009
222,2,pedagogical_score_mean,-0.3799999999999999
222,2,silent_error_rate,0.009999999999999981
223,2,accuracy_mean,0.019999999999999962
223,2,pedagogical_score_mean,-0.09000000000000075
223,2,silent_error_rate,0.08000000000000002
