seed,accuracy_gen0,accuracy_gen2,accuracy_delta_gen2_minus_gen0,pedagogy_gen0,pedagogy_gen2,pedagogy_delta_gen2_minus_gen0,silent_gen0,silent_gen2,silent_delta_gen2_minus_gen0,sample_count_gen2
221,0.37,0.4,0.030000000000000027,4.82,4.45,-0.3700000000000001,0.26,0.27,0.010000000000000009,100
222,0.44,0.36,-0.08000000000000002,4.67,4.87,0.20000000000000018,0.26,0.23,-0.03,100
223,0.41,0.46,0.050000000000000044,4.51,5.15,0.6400000000000006,0.26,0.19,-0.07,100
