metric,n,mean_delta_dbr_minus_pure,std_delta,ci95_low,ci95_high
accuracy_mean,3,0.033333333333333305,0.03214550253664316,-0.04652696684419192,0.11319363351085854
pedagogical_score_mean,3,0.01999999999999987,0.4648655719667785,-1.1348833021709746,1.1748833021709741
silent_error_rate,3,0.02666666666666666,0.0472581562625261,-0.09073857659122389,0.1440719099245572
