evaluation_mode,branch,generation,seed_count,run_count,accuracy_mean_mean,accuracy_mean_std,accuracy_mean_ci_low,accuracy_mean_ci_high,pedagogical_score_mean_mean,pedagogical_score_mean_std,pedagogical_score_mean_ci_low,pedagogical_score_mean_ci_high,silent_error_rate_mean,silent_error_rate_std,silent_error_rate_ci_low,silent_error_rate_ci_high,parse_failure_pred_rate_mean,parse_failure_pred_rate_std,parse_failure_pred_rate_ci_low,parse_failure_pred_rate_ci_high
training_recycling_feasibility,anchor_20_append,0,3,3,0.4633333333333333,0.015275252316519449,0.45,0.48,5.05,0.08717797887081365,4.99,5.15,0.26666666666666666,0.050332229568471665,0.22,0.32,0.02666666666666667,0.02081665999466133,0.01,0.05000000000000001
training_recycling_feasibility,anchor_20_append,1,3,3,0.37000000000000005,0.0264575131106459,0.34,0.38999999999999996,4.71,0.009999999999999787,4.7,4.72,0.2733333333333334,0.030550504633038936,0.24,0.3,0.12333333333333334,0.06027713773341708,0.06,0.18000000000000002
training_recycling_feasibility,pure_recycling,0,3,3,0.4142528735632183,0.0626081307979521,0.36000000000000004,0.4827586206896552,4.783448275862068,0.5023096476916313,4.31,5.310344827586207,0.2527969348659003,0.03588643685327679,0.2183908045977011,0.29,0.04482758620689653,0.013426153333746079,0.0344827586206896,0.06
training_recycling_feasibility,pure_recycling,1,3,3,0.4033333333333333,0.023094010767585018,0.38999999999999996,0.43,4.44,0.07549834435270723,4.37,4.52,0.25333333333333335,0.04509249752822894,0.21,0.3,0.10666666666666667,0.011547005383792509,0.10000000000000002,0.12
