run_id,seed,model_name,branch,generation_start,generation_end,delta_generation,evaluation_mode,delta_accuracy_mean,delta_pedagogical_score_mean,delta_silent_error_rate,delta_parse_failure_pred_rate
baseline_series_seed45_20260421_214816,45,qwen2.5:0.5b,anchor_10,0,1,gen1_minus_gen0,inference_recycling_only,-0.10000000000000003,-1.4,0.10000000000000003,0.0
baseline_series_seed45_20260421_214816,45,qwen2.5:0.5b,anchor_10,0,2,gen2_minus_gen0,inference_recycling_only,0.06666666666666665,-0.5,-0.16666666666666669,0.0
baseline_series_seed45_20260421_214816,45,qwen2.5:0.5b,anchor_10,1,2,gen2_minus_gen1,inference_recycling_only,0.16666666666666669,0.8999999999999999,-0.2666666666666667,0.0
baseline_series_seed45_20260421_214816,45,qwen2.5:0.5b,anchor_20,0,1,gen1_minus_gen0,inference_recycling_only,0.0,0.6000000000000005,-0.03333333333333338,-0.03333333333333333
baseline_series_seed45_20260421_214816,45,qwen2.5:0.5b,anchor_20,0,2,gen2_minus_gen0,inference_recycling_only,0.13333333333333336,0.7333333333333334,-0.03333333333333338,-0.03333333333333333
baseline_series_seed45_20260421_214816,45,qwen2.5:0.5b,anchor_20,1,2,gen2_minus_gen1,inference_recycling_only,0.13333333333333336,0.13333333333333286,0.0,0.0
baseline_series_seed45_20260421_214816,45,qwen2.5:0.5b,pure_recycling,0,1,gen1_minus_gen0,inference_recycling_only,0.1333333333333333,1.0333333333333332,-0.1333333333333333,0.0
baseline_series_seed45_20260421_214816,45,qwen2.5:0.5b,pure_recycling,0,2,gen2_minus_gen0,inference_recycling_only,0.09999999999999998,0.7666666666666666,-0.1333333333333333,0.06666666666666667
baseline_series_seed45_20260421_214816,45,qwen2.5:0.5b,pure_recycling,1,2,gen2_minus_gen1,inference_recycling_only,-0.033333333333333326,-0.2666666666666666,0.0,0.06666666666666667
