source_seed,n_pairs,qwen_dbr_win_rate,qwen_pure_win_rate,qwen_tie_rate,qwen_dbr_minus_pure_win_rate
211,11,0.45454545454545453,0.09090909090909091,0.45454545454545453,0.36363636363636365
212,14,0.14285714285714285,0.35714285714285715,0.5,-0.2142857142857143
213,14,0.42857142857142855,0.14285714285714285,0.42857142857142855,0.2857142857142857
