run_id,seed,model_name,generation,comparison,anchor_branch,evaluation_mode,delta_accuracy_mean,delta_pedagogical_score_mean,delta_silent_error_rate,delta_parse_failure_pred_rate
baseline_series_seed47_20260422_210701,47,qwen2.5:0.5b,0,anchor_10_minus_pure_recycling,anchor_10,inference_recycling_only,-0.06666666666666671,0.09999999999999964,-0.03333333333333327,0.03333333333333333
baseline_series_seed47_20260422_210701,47,qwen2.5:0.5b,0,anchor_20_minus_pure_recycling,anchor_20,inference_recycling_only,-0.06666666666666671,1.2666666666666666,-0.09999999999999998,0.0
baseline_series_seed47_20260422_210701,47,qwen2.5:0.5b,1,anchor_10_minus_pure_recycling,anchor_10,inference_recycling_only,-0.06666666666666671,0.2999999999999998,-0.06666666666666668,0.1
baseline_series_seed47_20260422_210701,47,qwen2.5:0.5b,1,anchor_20_minus_pure_recycling,anchor_20,inference_recycling_only,-0.03333333333333327,0.033333333333333215,-0.03333333333333338,0.0
baseline_series_seed47_20260422_210701,47,qwen2.5:0.5b,2,anchor_10_minus_pure_recycling,anchor_10,inference_recycling_only,-0.16666666666666669,-1.0333333333333332,0.2666666666666666,0.03333333333333333
baseline_series_seed47_20260422_210701,47,qwen2.5:0.5b,2,anchor_20_minus_pure_recycling,anchor_20,inference_recycling_only,-0.16666666666666669,-1.1999999999999993,0.2333333333333333,0.03333333333333333
