run_id,seed,model_name,branch,generation_start,generation_end,delta_generation,evaluation_mode,delta_accuracy_mean,delta_pedagogical_score_mean,delta_silent_error_rate,delta_parse_failure_pred_rate
baseline_series_seed47_20260422_210701,47,qwen2.5:0.5b,anchor_10,0,1,gen1_minus_gen0,inference_recycling_only,0.03333333333333327,1.0,-0.1666666666666667,0.03333333333333334
baseline_series_seed47_20260422_210701,47,qwen2.5:0.5b,anchor_10,0,2,gen2_minus_gen0,inference_recycling_only,-0.06666666666666671,0.5666666666666664,-0.03333333333333344,-0.03333333333333333
baseline_series_seed47_20260422_210701,47,qwen2.5:0.5b,anchor_10,1,2,gen2_minus_gen1,inference_recycling_only,-0.09999999999999998,-0.43333333333333357,0.13333333333333328,-0.06666666666666668
baseline_series_seed47_20260422_210701,47,qwen2.5:0.5b,anchor_20,0,1,gen1_minus_gen0,inference_recycling_only,0.06666666666666671,-0.43333333333333357,-0.06666666666666671,-0.03333333333333333
baseline_series_seed47_20260422_210701,47,qwen2.5:0.5b,anchor_20,0,2,gen2_minus_gen0,inference_recycling_only,-0.06666666666666671,-0.7666666666666666,0.0,0.0
baseline_series_seed47_20260422_210701,47,qwen2.5:0.5b,anchor_20,1,2,gen2_minus_gen1,inference_recycling_only,-0.13333333333333341,-0.33333333333333304,0.06666666666666671,0.03333333333333333
baseline_series_seed47_20260422_210701,47,qwen2.5:0.5b,pure_recycling,0,1,gen1_minus_gen0,inference_recycling_only,0.03333333333333327,0.7999999999999998,-0.1333333333333333,-0.03333333333333333
baseline_series_seed47_20260422_210701,47,qwen2.5:0.5b,pure_recycling,0,2,gen2_minus_gen0,inference_recycling_only,0.03333333333333327,1.6999999999999993,-0.33333333333333326,-0.03333333333333333
baseline_series_seed47_20260422_210701,47,qwen2.5:0.5b,pure_recycling,1,2,gen2_minus_gen1,inference_recycling_only,0.0,0.8999999999999995,-0.19999999999999998,0.0
