branch,generation,sample_count,old_llama_pedagogical_mean,qwen_pedagogical_mean,old_llama_silent_error_rate,qwen_silent_error_rate,score_delta_mean,silent_error_agreement_rate
anchor_20_append,1,24,3.0833333333333335,4.916666666666667,0.375,0.7916666666666666,1.8333333333333333,0.5833333333333334
pure_recycling,1,24,2.9166666666666665,5.083333333333333,0.375,0.8333333333333334,2.1666666666666665,0.5416666666666666
