branch,generation,sample_count,old_llama_pedagogical_mean,qwen_pedagogical_mean,old_llama_silent_error_rate,qwen_silent_error_rate,score_delta_mean,silent_error_agreement_rate
anchor_20_append,0,12,2.5833333333333335,5.166666666666667,0.3333333333333333,0.75,2.5833333333333335,0.5833333333333334
pure_recycling,0,12,2.3333333333333335,4.25,0.3333333333333333,0.6666666666666666,1.9166666666666667,0.6666666666666666
anchor_20_append,1,12,2.4166666666666665,5.0,0.3333333333333333,0.75,2.5833333333333335,0.5833333333333334
pure_recycling,1,12,3.8333333333333335,5.666666666666667,0.3333333333333333,0.75,1.8333333333333333,0.5833333333333334
